;Component;SMILES;Count dens binary;Count actcoeff binary;Count sos binary;Count dielec binary;Count eme binary;Count emcp binary;Count emv binary;Count all binary
0;oxidane;O;12690.0;122.0;1188.0;34.0;376.0;390.0;578.0;15378.0
1;ethanol;CCO;4710.0;16.0;454.0;105.0;507.0;0.0;23.0;5815.0
2;Butan-1-ol;CCCCO;3277.0;13.0;1219.0;105.0;581.0;130.0;71.0;5396.0
3;HEPTANE;CCCCCCC;3493.0;8.0;1065.0;131.0;211.0;0.0;14.0;4922.0
4;Propan-1-ol;CCCO;3295.0;11.0;647.0;105.0;202.0;0.0;0.0;4260.0
7;Cyclohexane;C1CCCCC1;2568.0;7.0;540.0;0.0;354.0;0.0;46.0;3515.0
9;Propan-2-ol;CC(C)O;2520.0;6.0;499.0;105.0;139.0;0.0;0.0;3269.0
13;methanol;CO;1184.0;10.0;215.0;620.0;297.0;0.0;0.0;2326.0
16;2-Ethoxy-2-methylpropane;CCOC(C)(C)C;1153.0;4.0;819.0;0.0;0.0;0.0;0.0;1976.0
17;Methylcyclohexane;CC1CCCCC1;1478.0;1.0;354.0;0.0;76.0;0.0;0.0;1909.0
20;2,2,4-Trimethylpentane;CC(C)CC(C)(C)C;1370.0;0.0;261.0;0.0;156.0;0.0;0.0;1787.0
21;2-Methylpropan-2-ol;CC(C)(C)O;1435.0;0.0;177.0;95.0;0.0;0.0;0.0;1707.0
22;Pentan-1-ol;CCCCCO;858.0;0.0;245.0;156.0;299.0;0.0;0.0;1558.0
24;HEXAN-1-OL;CCCCCCO;1105.0;0.0;322.0;0.0;50.0;0.0;0.0;1477.0
29;Hexane;CCCCCC;732.0;22.0;223.0;0.0;157.0;0.0;87.0;1221.0
33;2-Methoxyethanol;COCCO;565.0;18.0;354.0;0.0;0.0;0.0;0.0;937.0
36;Cyclopentane;C1CCCC1;412.0;6.0;398.0;0.0;71.0;0.0;0.0;887.0
37;['Oxane', '2,3,4,5-tetrahydropyran'];C1CCOCC1;289.0;0.0;254.0;0.0;227.0;0.0;112.0;882.0
39;2-Methylbutan-2-ol;CCC(C)(C)O;248.0;16.0;450.0;0.0;98.0;0.0;39.0;851.0
42;Oxolane;C1CCOC1;505.0;0.0;164.0;0.0;98.0;0.0;39.0;806.0
44;2-Methylpropan-1-ol;CC(C)CO;483.0;0.0;155.0;105.0;31.0;0.0;0.0;774.0
52;1,4-Dioxane;C1COCCO1;241.0;0.0;243.0;0.0;59.0;0.0;0.0;543.0
53;2-Methylheptane;CCCCCC(C)C;413.0;0.0;72.0;0.0;42.0;0.0;0.0;527.0
54;Pentane;CCCCC;483.0;6.0;0.0;0.0;0.0;0.0;0.0;489.0
58;1-Propoxypropan-2-ol;CCCOCC(C)O;318.0;0.0;145.0;0.0;0.0;0.0;0.0;463.0
61;Butan-2-ol;CCC(C)O;202.0;0.0;136.0;0.0;85.0;0.0;0.0;423.0
62;;C1CCCCCCC1;271.0;7.0;144.0;0.0;0.0;0.0;0.0;422.0
64;2-Ethoxyethanol;CCOCCO;91.0;0.0;71.0;0.0;221.0;0.0;0.0;383.0
65;2-Propoxyethanol;CCCOCCO;190.0;0.0;73.0;117.0;0.0;0.0;0.0;380.0
70;1,3-DIOXOLANE;C1COCO1;204.0;0.0;148.0;0.0;0.0;0.0;0.0;352.0
72;3-Methylbutan-1-ol;CC(C)CCO;235.0;15.0;52.0;0.0;0.0;0.0;0.0;302.0
75;2-propan-2-yloxypropane;CC(C)OC(C)C;88.0;0.0;97.0;0.0;101.0;0.0;0.0;286.0
83;pentan-2-ol;CCCC(C)O;126.0;13.0;39.0;0.0;84.0;0.0;0.0;262.0
87;2-Methylbutan-1-ol;CCC(C)CO;173.0;15.0;56.0;0.0;0.0;0.0;0.0;244.0
93;2,2-dimethylpropan-1-ol;CC(C)(C)CO;213.0;0.0;0.0;0.0;0.0;0.0;0.0;213.0
96;2-Methylpropane-1,3-diol;CC(CO)CO;209.0;0.0;0.0;0.0;0.0;0.0;0.0;209.0
102;BUTANE;CCCC;163.0;21.0;0.0;0.0;0.0;0.0;0.0;184.0
103;2-Methoxy-2-methylbutane;CCC(C)(C)OC;136.0;4.0;21.0;0.0;0.0;0.0;19.0;180.0
104;PROPANE;CCC;157.0;21.0;0.0;0.0;0.0;0.0;0.0;178.0
114;2,2-Dimethylpropane-1,3-diol;CC(C)(CO)CO;156.0;0.0;0.0;0.0;0.0;0.0;0.0;156.0
119;3-METHYLPENTANE-1,5-DIOL;CC(CCO)CCO;138.0;0.0;0.0;0.0;0.0;0.0;0.0;138.0
120;hexan-2-ol;CCCCC(C)O;90.0;0.0;42.0;0.0;0.0;0.0;0.0;132.0
125;2-Methyloxolane;CC1CCCO1;27.0;0.0;45.0;0.0;44.0;0.0;0.0;116.0
129;2-Methylpropane;CC(C)C;80.0;21.0;0.0;0.0;0.0;0.0;0.0;101.0
132;Methoxymethane;COC;0.0;23.0;0.0;0.0;76.0;0.0;0.0;99.0
136;2-(2-Methylpropoxy)ethanol;CC(C)COCCO;45.0;0.0;45.0;0.0;0.0;0.0;0.0;90.0
139;heptan-2-ol;CCCCCC(C)O;42.0;0.0;42.0;0.0;0.0;0.0;0.0;84.0
142;1-propoxypropane;CCCOCCC;0.0;0.0;0.0;0.0;79.0;0.0;0.0;79.0
150;2,3-Dimethylbutane;CC(C)C(C)C;0.0;0.0;0.0;0.0;63.0;0.0;0.0;63.0
151;2,2-Dimethylbutane;CCC(C)(C)C;0.0;0.0;0.0;0.0;62.0;0.0;0.0;62.0
156;ETHANE;CC;57.0;0.0;0.0;0.0;0.0;0.0;0.0;57.0
157;methane;C;55.0;0.0;0.0;0.0;0.0;0.0;0.0;55.0
160;Ethoxyethane;CCOCC;22.0;0.0;23.0;0.0;0.0;0.0;0.0;45.0
166;2-propan-2-yloxyethanol;CC(C)OCCO;18.0;0.0;18.0;0.0;0.0;0.0;0.0;36.0
182;2-Methylpentane;CCCC(C)C;0.0;0.0;0.0;0.0;19.0;0.0;0.0;19.0
186;3-Methylbutan-2-ol;CC(C)C(C)O;0.0;10.0;0.0;0.0;0.0;0.0;0.0;10.0
190;Cycloheptane;C1CCCCCC1;0.0;6.0;0.0;0.0;0.0;0.0;0.0;6.0
193;Methylcyclopentane;CC1CCCC1;0.0;1.0;0.0;0.0;0.0;0.0;0.0;1.0
